,location,price_per_sqft,total_sqft,builtup_area,bhk,price
0,3 BHK Apartment in Sector 17 Nerul,"₹ 17,333/sq.ft.","1,500 sq.ft. (139 sq.m.) Carpet Area",(139 sq.m.) Carpet Area,3 BHK3 Baths,"₹ 2.6 Cr₹ 17,333/sq.ft."
1,2 BHK Apartment in Kalamboli,"₹ 11,111/sq.ft.",630 sq.ft. (59 sq.m.) Carpet Area,(59 sq.m.) Carpet Area,2 BHK2 Baths,"₹ 70 L₹ 11,111/sq.ft."
2,"1 BHK Apartment in Vichumbe, New Panvel","₹ 6,412/sq.ft.",655 sq.ft. (61 sq.m.) Built-up Area,(61 sq.m.) Built-up Area,1 BHK1 Bath,"₹ 42 L₹ 6,412/sq.ft."
3,2 BHK Apartment in Koperkhairane,"₹ 13,333/sq.ft.",960 sq.ft. (89 sq.m.) Built-up Area,(89 sq.m.) Built-up Area,2 BHK2 Baths,"₹ 1.28 Cr₹ 13,333/sq.ft."
4,2 BHK Apartment in Sector 16 Vashi,"₹ 20,454/sq.ft.","1,260 sq.ft. (117 sq.m.) Built-up Area",(117 sq.m.) Built-up Area,2 BHK2 Baths,"₹ 2.25 Cr₹ 20,454/sq.ft."
5,3 BHK Apartment in Sector 17 Nerul,"₹ 17,333/sq.ft.","1,500 sq.ft. (139 sq.m.) Carpet Area",(139 sq.m.) Carpet Area,3 BHK3 Baths,"₹ 2.6 Cr₹ 17,333/sq.ft."
6,3 BHK Apartment in Sector 15 Kharghar,"₹ 11,875/sq.ft.","1,600 sq.ft. (149 sq.m.) Super built-up Area",(149 sq.m.) Super built-up Area,3 BHK3 Baths,"₹ 1.9 Cr₹ 11,875/sq.ft."
7,2 BHK Apartment in Kharghar,"₹ 10,952/sq.ft.","1,050 sq.ft. (98 sq.m.) Carpet Area",(98 sq.m.) Carpet Area,2 BHK2 Baths,"₹ 1.15 Cr₹ 10,952/sq.ft."
8,1 BHK Apartment in Roadpali,"₹ 7,654/sq.ft.",810 sq.ft. (75 sq.m.) Super built-up Area,(75 sq.m.) Super built-up Area,1 BHK1 Bath,"₹ 62 L₹ 7,654/sq.ft."
9,2 BHK Apartment in Koperkhairane,"₹ 18,547/sq.ft.",647 sq.ft. (60 sq.m.) Carpet Area,(60 sq.m.) Carpet Area,2 BHK2 Baths,"₹ 1.2 Cr₹ 18,547/sq.ft."
10,1 BHK Apartment in New Panvel,"₹ 5,454/sq.ft.",550 sq.ft. (51 sq.m.) Super built-up Area,(51 sq.m.) Super built-up Area,1 BHK1 Bath,"₹ 30 L₹ 5,454/sq.ft."
11,1 BHK Apartment in Sector 21 Nerul,"₹ 14,358/sq.ft.",585 sq.ft. (54 sq.m.) Super built-up Area,(54 sq.m.) Super built-up Area,1 BHK1 Bath,"₹ 84 L₹ 14,358/sq.ft."
12,2 BHK Apartment in Sector 19 Ulwe,"₹ 9,687/sq.ft.",800 sq.ft. (74 sq.m.) Carpet Area,(74 sq.m.) Carpet Area,2 BHK2 Baths,"₹ 77.5 L₹ 9,687/sq.ft."
13,2 BHK Apartment in Koperkhairane,"₹ 13,541/sq.ft.",960 sq.ft. (89 sq.m.) Built-up Area,(89 sq.m.) Built-up Area,2 BHK2 Baths,"₹ 1.3 Cr₹ 13,541/sq.ft."
14,3 BHK Apartment in Sector 35E Kharghar,"₹ 15,217/sq.ft.","1,685 sq.ft. (157 sq.m.) Super built-up Area",(157 sq.m.) Super built-up Area,3 BHK3 Baths,"₹ 1.75 Cr₹ 15,217/sq.ft."
15,Residential land / Plot in Chirle,₹ 367/sq.ft.,"1,089 sq.ft. (101 sq.m.) Plot Area",(101 sq.m.) Plot Area,,₹ 4 L₹ 367/sq.ft.
16,2 BHK Apartment in Panvel,"₹ 6,987/sq.ft.",830 sq.ft. (77 sq.m.) Super built-up Area,(77 sq.m.) Super built-up Area,2 BHK2 Baths,"₹ 58 L₹ 6,987/sq.ft."
17,2 BHK Apartment in Kamothe,"₹ 6,476/sq.ft.","1,050 sq.ft. (98 sq.m.) Built-up Area",(98 sq.m.) Built-up Area,2 BHK2 Baths,"₹ 68 L₹ 6,476/sq.ft."
18,2 BHK Apartment in Sector 21 Kamothe,"₹ 9,346/sq.ft.","1,225 sq.ft. (114 sq.m.) Super built-up Area",(114 sq.m.) Super built-up Area,2 BHK2 Baths,"₹ 1.14 Cr₹ 9,346/sq.ft."
19,2 BHK Apartment in Sector 22 Kamothe,"₹ 7,277/sq.ft.","1,010 sq.ft. (94 sq.m.) Built-up Area",(94 sq.m.) Built-up Area,2 BHK2 Baths,"₹ 73.5 L₹ 7,277/sq.ft."
20,3 BHK Apartment in Sector 31 Kamothe,"₹ 7,935/sq.ft.","1,550 sq.ft. (144 sq.m.) Built-up Area",(144 sq.m.) Built-up Area,3 BHK3 Baths,"₹ 1.23 Cr₹ 7,935/sq.ft."
21,4 BHK Apartment in Kharghar,"₹ 16,025/sq.ft.","2,800 sq.ft. (260 sq.m.) Super built-up Area",(260 sq.m.) Super built-up Area,4 BHK4 Baths,"₹ 2.5 Cr₹ 16,025/sq.ft."
22,2 BHK Apartment in Sector 35D Kharghar,"₹ 15,333/sq.ft.","1,175 sq.ft. (109 sq.m.) Super built-up Area",(109 sq.m.) Super built-up Area,2 BHK2 Baths,"₹ 1.15 Cr₹ 15,333/sq.ft."
23,Residential land / Plot in Vindhane,₹ 491/sq.ft.,"1,089 sq.ft. (101 sq.m.) Plot Area",(101 sq.m.) Plot Area,,₹ 5.35 L₹ 491/sq.ft.
24,2 BHK Apartment in Sector 36 Kamothe,"₹ 5,000/sq.ft.","1,550 sq.ft. (144 sq.m.) Super built-up Area",(144 sq.m.) Super built-up Area,2 BHK2 Baths,"₹ 77.5 L₹ 5,000/sq.ft."
25,2 BHK Apartment in Sector 21 Kamothe,"₹ 8,481/sq.ft.","1,067 sq.ft. (99 sq.m.) Super built-up Area",(99 sq.m.) Super built-up Area,2 BHK2 Baths,"₹ 90.5 L₹ 8,481/sq.ft."
26,2 BHK Apartment in Sector 23 Kharghar,"₹ 30,000/sq.ft.","1,365 sq.ft. (127 sq.m.) Super built-up Area",(127 sq.m.) Super built-up Area,2 BHK2 Baths,"₹ 2.4 Cr₹ 30,000/sq.ft."
27,2 BHK Apartment in Panvel,"₹ 11,988/sq.ft.","1,215 sq.ft. (113 sq.m.) Super built-up Area",(113 sq.m.) Super built-up Area,2 BHK2 Baths,"₹ 85 L₹ 11,988/sq.ft."
28,5 BHK Apartment in Sector 14 Vashi,"₹ 29,620/sq.ft.","2,110 sq.ft. (196 sq.m.) Carpet Area",(196 sq.m.) Carpet Area,5 BHK4 Baths,"₹ 6.25 Cr₹ 29,620/sq.ft."
29,4 BHK Apartment in Sector 11 Koparkhairane,"₹ 12,727/sq.ft.","2,200 sq.ft. (204 sq.m.) Carpet Area",(204 sq.m.) Carpet Area,4 BHK4 Baths,"₹ 2.8 Cr₹ 12,727/sq.ft."
30,2 BHK Apartment in Sector 19 Kharghar,"₹ 8,000/sq.ft.","1,075 sq.ft. (100 sq.m.) Built-up Area",(100 sq.m.) Built-up Area,2 BHK2 Baths,"₹ 86 L₹ 8,000/sq.ft."
31,3 BHK Apartment in Sector 21 Kharghar,"₹ 14,000/sq.ft.","2,000 sq.ft. (186 sq.m.) Built-up Area",(186 sq.m.) Built-up Area,3 BHK3 Baths,"₹ 2.5 Cr₹ 14,000/sq.ft."
32,1 BHK Independent Builder Floor in Panvel,"₹ 9,048/sq.ft.",630 sq.ft. (59 sq.m.) Built-up Area,(59 sq.m.) Built-up Area,1 BHK1 Bath,"₹ 57 L₹ 9,048/sq.ft."
33,1 BHK Apartment in Sector 18 Kamothe,"₹ 8,358/sq.ft.",670 sq.ft. (62 sq.m.) Built-up Area,(62 sq.m.) Built-up Area,1 BHK1 Bath,"₹ 56 L₹ 8,358/sq.ft."
34,2 BHK Apartment in Sector 18 Kamothe,"₹ 8,571/sq.ft.","1,050 sq.ft. (98 sq.m.) Super built-up Area",(98 sq.m.) Super built-up Area,2 BHK2 Baths,"₹ 90 L₹ 8,571/sq.ft."
35,2 BHK Apartment in Sector 19 Ulwe,"₹ 7,360/sq.ft.","1,250 sq.ft. (116 sq.m.) Carpet Area",(116 sq.m.) Carpet Area,2 BHK2 Baths,"₹ 92 L₹ 7,360/sq.ft."
36,2 BHK Apartment in Nerul,"₹ 15,882/sq.ft.",850 sq.ft. (79 sq.m.) Built-up Area,(79 sq.m.) Built-up Area,2 BHK2 Baths,"₹ 1.35 Cr₹ 15,882/sq.ft."
37,1 Bedroom House in Sector 2 Airoli,"₹ 16,888/sq.ft.",450 sq.ft. (42 sq.m.) Plot Area,(42 sq.m.) Plot Area,1 BHK2 Baths,"₹ 76 L₹ 16,888/sq.ft."
38,2 BHK Apartment in Sector 36 Kamothe,"₹ 6,393/sq.ft.","1,220 sq.ft. (113 sq.m.) Super built-up Area",(113 sq.m.) Super built-up Area,2 BHK2 Baths,"₹ 78 L₹ 6,393/sq.ft."
39,Residential land / Plot in Koproli,₹ 408/sq.ft.,"1,089 sq.ft. (101 sq.m.) Plot Area",(101 sq.m.) Plot Area,,₹ 4.45 L₹ 408/sq.ft.
40,2 BHK Apartment in Sector 21 Kamothe,"₹ 9,387/sq.ft.","1,225 sq.ft. (114 sq.m.) Super built-up Area",(114 sq.m.) Super built-up Area,2 BHK2 Baths,"₹ 1.15 Cr₹ 9,387/sq.ft."
41,2 BHK Apartment in Sector 18 Kamothe,"₹ 8,091/sq.ft.","1,310 sq.ft. (122 sq.m.) Super built-up Area",(122 sq.m.) Super built-up Area,2 BHK2 Baths,"₹ 1.06 Cr₹ 8,091/sq.ft."
42,1 BHK Apartment in Sector 18 Kamothe,"₹ 9,365/sq.ft.",670 sq.ft. (62 sq.m.) Super built-up Area,(62 sq.m.) Super built-up Area,1 BHK1 Bath,"₹ 62.75 L₹ 9,365/sq.ft."
43,Studio Apartments / 1 RK Flats in Panvel,"₹ 17,105/sq.ft.",304 sq.ft. (28 sq.m.) Carpet Area,(28 sq.m.) Carpet Area,1 BHK1 Bath,"₹ 55 L₹ 17,105/sq.ft."
44,3 BHK Apartment in Panvel,"₹ 15,600/sq.ft.","1,250 sq.ft. (116 sq.m.) Carpet Area",(116 sq.m.) Carpet Area,3 BHK3 Baths,"₹ 1.95 Cr₹ 15,600/sq.ft."
45,1 BHK Apartment in Sector 12 Kamothe,"₹ 7,680/sq.ft.",638 sq.ft. (59 sq.m.) Carpet Area,(59 sq.m.) Carpet Area,1 BHK2 Baths,"₹ 49 L₹ 7,680/sq.ft."
46,2 BHK Apartment in Khandeshwar,"₹ 7,431/sq.ft.","1,020 sq.ft. (95 sq.m.) Super built-up Area",(95 sq.m.) Super built-up Area,2 BHK2 Baths,"₹ 75.8 L₹ 7,431/sq.ft."
47,1 BHK Apartment in Devad,"₹ 6,666/sq.ft.",405 sq.ft. (38 sq.m.) Built-up Area,(38 sq.m.) Built-up Area,1 BHK1 Bath,"₹ 27 L₹ 6,666/sq.ft."
48,1 BHK Apartment in Taloja,"₹ 4,666/sq.ft.",750 sq.ft. (70 sq.m.) Built-up Area,(70 sq.m.) Built-up Area,1 BHK1 Bath,"₹ 35 L₹ 4,666/sq.ft."
49,2 BHK Apartment in Sector 10 Kharghar,"₹ 9,702/sq.ft.","1,010 sq.ft. (94 sq.m.) Built-up Area",(94 sq.m.) Built-up Area,2 BHK2 Baths,"₹ 98 L₹ 9,702/sq.ft."
50,Residential land / Plot in Chirle,₹ 275/sq.ft.,"1,089 sq.ft. (101 sq.m.) Plot Area",(101 sq.m.) Plot Area,,₹ 3 L₹ 275/sq.ft.
51,2 BHK Apartment in Ulwe,"₹ 10,900/sq.ft.","1,055 sq.ft. (98 sq.m.) Super built-up Area",(98 sq.m.) Super built-up Area,2 BHK2 Baths,"₹ 1.15 Cr₹ 10,900/sq.ft."
52,Residential land / Plot in Vindhane,₹ 183/sq.ft.,"1,089 sq.ft. (101 sq.m.) Plot Area",(101 sq.m.) Plot Area,,₹ 2 L₹ 183/sq.ft.
53,5 Bedroom House in Airoli,"₹ 7,750/sq.ft.","2,000 sq.ft. (186 sq.m.) Carpet Area",(186 sq.m.) Carpet Area,5 BHK7 Baths,"₹ 1.5 Cr₹ 7,750/sq.ft."
54,1 BHK Apartment in Sector 6 Kharghar,"₹ 9,777/sq.ft.",675 sq.ft. (63 sq.m.) Super built-up Area,(63 sq.m.) Super built-up Area,1 BHK1 Bath,"₹ 66 L₹ 9,777/sq.ft."
55,1 BHK Apartment in Adaigaon,"₹ 8,037/sq.ft.",321 sq.ft. (30 sq.m.) Carpet Area,(30 sq.m.) Carpet Area,1 BHK1 Bath,"₹ 25.8 L₹ 8,037/sq.ft."
56,2 BHK Apartment in Sector 36 Kamothe,"₹ 9,500/sq.ft.","1,000 sq.ft. (93 sq.m.) Super built-up Area",(93 sq.m.) Super built-up Area,2 BHK2 Baths,"₹ 95 L₹ 9,500/sq.ft."
57,1 BHK Apartment in Sector 19 Kharghar,"₹ 7,066/sq.ft.",750 sq.ft. (70 sq.m.) Built-up Area,(70 sq.m.) Built-up Area,1 BHK2 Baths,"₹ 53 L₹ 7,066/sq.ft."
58,2 BHK Apartment in Sector 13 Khanda Colony,"₹ 8,968/sq.ft.",813 sq.ft. (76 sq.m.) Built-up Area,(76 sq.m.) Built-up Area,2 BHK2 Baths,"₹ 73 L₹ 8,968/sq.ft."
59,1 BHK Apartment in Khandeshhwar,"₹ 11,735/sq.ft.",409 sq.ft. (38 sq.m.) Carpet Area,(38 sq.m.) Carpet Area,1 BHK1 Bath,"₹ 48 L₹ 11,735/sq.ft."
60,2 BHK Apartment in Airoli,"₹ 16,153/sq.ft.",650 sq.ft. (60 sq.m.) Carpet Area,(60 sq.m.) Carpet Area,2 BHK2 Baths,"₹ 1.05 Cr₹ 16,153/sq.ft."
61,2 BHK Apartment in New Panvel,"₹ 8,300/sq.ft.","1,024 sq.ft. (95 sq.m.) Built-up Area",(95 sq.m.) Built-up Area,2 BHK2 Baths,"₹ 85 L₹ 8,300/sq.ft."
62,2 BHK Apartment in Sector 14 Koparkhairane,"₹ 21,375/sq.ft.",800 sq.ft. (74 sq.m.) Carpet Area,(74 sq.m.) Carpet Area,2 BHK2 Baths,"₹ 1.71 Cr₹ 21,375/sq.ft."
63,1 BHK Apartment in Sector 1 Kalamboli,"₹ 9,473/sq.ft.",475 sq.ft. (44 sq.m.) Carpet Area,(44 sq.m.) Carpet Area,1 BHK1 Bath,"₹ 45 L₹ 9,473/sq.ft."
64,1 BHK Apartment in Palaspa,"₹ 5,179/sq.ft.",695 sq.ft. (65 sq.m.) Super built-up Area,(65 sq.m.) Super built-up Area,1 BHK2 Baths,"₹ 36 L₹ 5,179/sq.ft."
65,1 BHK Apartment in Karanjade,"₹ 6,538/sq.ft.",650 sq.ft. (60 sq.m.) Built-up Area,(60 sq.m.) Built-up Area,1 BHK1 Bath,"₹ 40 L₹ 6,538/sq.ft."
66,1 BHK Apartment in Taloja,"₹ 8,815/sq.ft.",363 sq.ft. (34 sq.m.) Carpet Area,(34 sq.m.) Carpet Area,1 BHK1 Bath,"₹ 32 L₹ 8,815/sq.ft."
67,2 BHK Apartment in Sector 5 Ulwe,"₹ 9,523/sq.ft.","1,085 sq.ft. (101 sq.m.) Super built-up Area",(101 sq.m.) Super built-up Area,2 BHK2 Baths,"₹ 1.05 Cr₹ 9,523/sq.ft."
68,2 BHK Apartment in Sector 18 Kamothe,"₹ 8,425/sq.ft.","1,080 sq.ft. (100 sq.m.) Super built-up Area",(100 sq.m.) Super built-up Area,2 BHK2 Baths,"₹ 91 L₹ 8,425/sq.ft."
69,1 BHK Apartment in Sector 29 Vashi,"₹ 17,322/sq.ft.",635 sq.ft. (59 sq.m.) Super built-up Area,(59 sq.m.) Super built-up Area,1 BHK1 Bath,"₹ 1.1 Cr₹ 17,322/sq.ft."
70,Residential land / Plot in Ranjanpada,₹ 385/sq.ft.,"1,089 sq.ft. (101 sq.m.) Plot Area",(101 sq.m.) Plot Area,,₹ 4.2 L₹ 385/sq.ft.
71,1 BHK Apartment in Sector 16 Ghansoli,"₹ 11,707/sq.ft.",615 sq.ft. (57 sq.m.) Super built-up Area,(57 sq.m.) Super built-up Area,1 BHK1 Bath,"₹ 72 L₹ 11,707/sq.ft."
72,2 BHK Apartment in Kharghar,"₹ 13,333/sq.ft.","1,080 sq.ft. (100 sq.m.) Super built-up Area",(100 sq.m.) Super built-up Area,2 BHK2 Baths,"₹ 96 L₹ 13,333/sq.ft."
73,2 BHK Apartment in Sector 35D Kharghar,"₹ 14,666/sq.ft.","1,250 sq.ft. (116 sq.m.) Super built-up Area",(116 sq.m.) Super built-up Area,2 BHK2 Baths,"₹ 1.1 Cr₹ 14,666/sq.ft."
74,3 BHK Apartment in Sector 36 Kharghar,"₹ 12,380/sq.ft.","1,750 sq.ft. (163 sq.m.) Super built-up Area",(163 sq.m.) Super built-up Area,3 BHK3 Baths,"₹ 1.3 Cr₹ 12,380/sq.ft."
75,3 BHK Apartment in Sector 34C Kharghar,"₹ 10,526/sq.ft.","1,615 sq.ft. (150 sq.m.) Super built-up Area",(150 sq.m.) Super built-up Area,3 BHK3 Baths,"₹ 1.7 Cr₹ 10,526/sq.ft."
76,2 BHK Apartment in Ulwe,"₹ 8,560/sq.ft.","1,285 sq.ft. (119 sq.m.) Super built-up Area",(119 sq.m.) Super built-up Area,2 BHK2 Baths,"₹ 1.1 Cr₹ 8,560/sq.ft."
77,2 BHK Apartment in Panvel,"₹ 4,540/sq.ft.",925 sq.ft. (86 sq.m.) Super built-up Area,(86 sq.m.) Super built-up Area,2 BHK2 Baths,"₹ 42 L₹ 4,540/sq.ft."
78,2 BHK Apartment in Kamothe,"₹ 7,636/sq.ft.","1,100 sq.ft. (102 sq.m.) Built-up Area",(102 sq.m.) Built-up Area,2 BHK2 Baths,"₹ 84 L₹ 7,636/sq.ft."
79,2 BHK Apartment in Ulwe,"₹ 10,370/sq.ft.","1,350 sq.ft. (125 sq.m.) Super built-up Area",(125 sq.m.) Super built-up Area,2 BHK2 Baths,"₹ 1.4 Cr₹ 10,370/sq.ft."
80,2 Bedroom House in Sector 7 Khanda Colony,"₹ 14,242/sq.ft.",330 sq.ft. (31 sq.m.) Plot Area,(31 sq.m.) Plot Area,2 BHK2 Baths,"₹ 47 L₹ 14,242/sq.ft."
81,Residential land / Plot in Vindhane,₹ 459/sq.ft.,"1,089 sq.ft. (101 sq.m.) Plot Area",(101 sq.m.) Plot Area,,₹ 5 L₹ 459/sq.ft.
82,2 BHK Apartment in Sector 10 Kamothe,"₹ 7,207/sq.ft.","1,110 sq.ft. (103 sq.m.) Super built-up Area",(103 sq.m.) Super built-up Area,2 BHK2 Baths,"₹ 80 L₹ 7,207/sq.ft."
83,2 BHK Apartment in New Panvel,"₹ 9,668/sq.ft.","1,055 sq.ft. (98 sq.m.) Super built-up Area",(98 sq.m.) Super built-up Area,2 BHK2 Baths,"₹ 1.02 Cr₹ 9,668/sq.ft."
84,1 BHK Apartment in Sector 21 Ulwe,"₹ 9,259/sq.ft.",675 sq.ft. (63 sq.m.) Super built-up Area,(63 sq.m.) Super built-up Area,1 BHK1 Bath,"₹ 62.5 L₹ 9,259/sq.ft."
85,2 BHK Apartment in Palm Beach,"₹ 16,825/sq.ft.",945 sq.ft. (88 sq.m.) Carpet Area,(88 sq.m.) Carpet Area,2 BHK2 Baths,"₹ 1.59 Cr₹ 16,825/sq.ft."
86,3 BHK Apartment in Sector 23 Kharghar,"₹ 16,279/sq.ft.","2,150 sq.ft. (200 sq.m.) Super built-up Area",(200 sq.m.) Super built-up Area,3 BHK3 Baths,"₹ 3.5 Cr₹ 16,279/sq.ft."
87,1 BHK Apartment in Old Panvel,"₹ 10,094/sq.ft.",475 sq.ft. (44 sq.m.) Carpet Area,(44 sq.m.) Carpet Area,1 BHK1 Bath,"₹ 47.95 L₹ 10,094/sq.ft."
88,3 BHK Apartment in Sanpada,"₹ 19,032/sq.ft.","1,550 sq.ft. (144 sq.m.) Super built-up Area",(144 sq.m.) Super built-up Area,3 BHK3 Baths,"₹ 2.95 Cr₹ 19,032/sq.ft."
89,2 BHK Apartment in Sector 22 Kamothe,"₹ 7,789/sq.ft.",950 sq.ft. (88 sq.m.) Super built-up Area,(88 sq.m.) Super built-up Area,2 BHK2 Baths,"₹ 74 L₹ 7,789/sq.ft."
90,Residential land / Plot in Uran,₹ 275/sq.ft.,"1,089 sq.ft. (101 sq.m.) Plot Area",(101 sq.m.) Plot Area,,₹ 3 L₹ 275/sq.ft.
91,1 BHK Apartment in Sector 5 Kharghar,"₹ 11,262/sq.ft.",515 sq.ft. (48 sq.m.) Built-up Area,(48 sq.m.) Built-up Area,1 BHK1 Bath,"₹ 58 L₹ 11,262/sq.ft."
92,2 BHK Apartment in Kamothe,"₹ 5,409/sq.ft.","1,100 sq.ft. (102 sq.m.) Super built-up Area",(102 sq.m.) Super built-up Area,2 BHK2 Baths,"₹ 59.5 L₹ 5,409/sq.ft."
93,2 BHK Apartment in Sector 3 Airoli,"₹ 8,571/sq.ft.",700 sq.ft. (65 sq.m.) Super built-up Area,(65 sq.m.) Super built-up Area,2 BHK1 Bath,"₹ 70 L₹ 8,571/sq.ft."
94,2 BHK Apartment in Sector 21 Kamothe,"₹ 9,469/sq.ft.","1,225 sq.ft. (114 sq.m.) Super built-up Area",(114 sq.m.) Super built-up Area,2 BHK2 Baths,"₹ 1.16 Cr₹ 9,469/sq.ft."
95,2 BHK Apartment in Sector 34 Kamothe,"₹ 8,135/sq.ft.","1,180 sq.ft. (110 sq.m.) Super built-up Area",(110 sq.m.) Super built-up Area,2 BHK2 Baths,"₹ 96 L₹ 8,135/sq.ft."
96,2 BHK Apartment in Sector 58 Seawoods,"₹ 22,072/sq.ft.","1,110 sq.ft. (103 sq.m.) Super built-up Area",(103 sq.m.) Super built-up Area,2 BHK3 Baths,"₹ 2.45 Cr₹ 22,072/sq.ft."
97,1 BHK Apartment in Sector 2 Ghansoli,"₹ 32,165/sq.ft.",292 sq.ft. (27 sq.m.) Carpet Area,(27 sq.m.) Carpet Area,1 BHK2 Baths,"₹ 94 L₹ 32,165/sq.ft."
98,2 BHK Apartment in Sector 16 Ulwe,"₹ 8,750/sq.ft.","1,200 sq.ft. (111 sq.m.) Super built-up Area",(111 sq.m.) Super built-up Area,2 BHK2 Baths,"₹ 1.05 Cr₹ 8,750/sq.ft."
99,Studio Apartments / 1 RK Flats in Panvel,"₹ 13,500/sq.ft.",400 sq.ft. (37 sq.m.) Carpet Area,(37 sq.m.) Carpet Area,1 BHK1 Bath,"₹ 54 L₹ 13,500/sq.ft."
100,2 BHK Apartment in Taloja,"₹ 6,956/sq.ft.","1,150 sq.ft. (107 sq.m.) Super built-up Area",(107 sq.m.) Super built-up Area,2 BHK2 Baths,"₹ 80 L₹ 6,956/sq.ft."
101,1 BHK Apartment in Sector 18 Kamothe,"₹ 7,681/sq.ft.",690 sq.ft. (64 sq.m.) Super built-up Area,(64 sq.m.) Super built-up Area,1 BHK1 Bath,"₹ 53 L₹ 7,681/sq.ft."
102,1 BHK Apartment in Sector 17 Khanda Colony,"₹ 8,823/sq.ft.",680 sq.ft. (63 sq.m.) Super built-up Area,(63 sq.m.) Super built-up Area,1 BHK2 Baths,"₹ 60 L₹ 8,823/sq.ft."
103,2 BHK Apartment in Sector 17 Khanda Colony,"₹ 8,380/sq.ft.","1,050 sq.ft. (98 sq.m.) Built-up Area",(98 sq.m.) Built-up Area,2 BHK2 Baths,"₹ 88 L₹ 8,380/sq.ft."
104,3 BHK Apartment in Sector 31 Kamothe,"₹ 7,575/sq.ft.","1,650 sq.ft. (153 sq.m.) Super built-up Area",(153 sq.m.) Super built-up Area,3 BHK3 Baths,"₹ 1.25 Cr₹ 7,575/sq.ft."
105,Residential land / Plot in Vindhane,₹ 367/sq.ft.,"1,089 sq.ft. (101 sq.m.) Plot Area",(101 sq.m.) Plot Area,,₹ 4 L₹ 367/sq.ft.
106,2 BHK Apartment in Sector 18 Kamothe,"₹ 8,320/sq.ft.","1,310 sq.ft. (122 sq.m.) Super built-up Area",(122 sq.m.) Super built-up Area,2 BHK2 Baths,"₹ 1.09 Cr₹ 8,320/sq.ft."
107,Residential land / Plot in Dronagiri,₹ 275/sq.ft.,"1,089 sq.ft. (101 sq.m.) Plot Area",(101 sq.m.) Plot Area,,₹ 3 L₹ 275/sq.ft.
108,Residential land / Plot in Ulwe,₹ 550/sq.ft.,"1,089 sq.ft. (101 sq.m.) Plot Area",(101 sq.m.) Plot Area,,₹ 6 L₹ 550/sq.ft.
109,2 BHK Apartment in Ulwe,"₹ 7,500/sq.ft.","1,200 sq.ft. (111 sq.m.) Super built-up Area",(111 sq.m.) Super built-up Area,2 BHK2 Baths,"₹ 90 L₹ 7,500/sq.ft."
110,2 BHK Apartment in Sector 17 Kamothe,"₹ 9,217/sq.ft.","1,150 sq.ft. (107 sq.m.) Built-up Area",(107 sq.m.) Built-up Area,2 BHK2 Baths,"₹ 1.06 Cr₹ 9,217/sq.ft."
111,1 BHK Independent Builder Floor in Sector 21 Nerul,"₹ 12,800/sq.ft.",540 sq.ft. (50 sq.m.) Carpet Area,(50 sq.m.) Carpet Area,1 BHK2 Baths,"₹ 80 L₹ 12,800/sq.ft."
112,3 Bedroom House in Sector 1 Kopar Khairane,"₹ 34,500/sq.ft.",200 sq.ft. (19 sq.m.) Plot Area,(19 sq.m.) Plot Area,3 BHK3 Baths,"₹ 69 L₹ 34,500/sq.ft."
113,1 BHK Apartment in Sector 22 Kamothe,"₹ 9,202/sq.ft.",690 sq.ft. (64 sq.m.) Super built-up Area,(64 sq.m.) Super built-up Area,1 BHK2 Baths,"₹ 63.5 L₹ 9,202/sq.ft."
114,2 BHK Apartment in Sector 18 Kharghar,"₹ 11,363/sq.ft.","1,320 sq.ft. (123 sq.m.) Super built-up Area",(123 sq.m.) Super built-up Area,2 BHK2 Baths,"₹ 1.5 Cr₹ 11,363/sq.ft."
115,1 BHK Apartment in Sector 16 Taloja,"₹ 11,836/sq.ft.",725 sq.ft. (67 sq.m.) Built-up Area,(67 sq.m.) Built-up Area,1 BHK2 Baths,"₹ 58 L₹ 11,836/sq.ft."
116,1 BHK Apartment in Sector 6 Kharghar,"₹ 9,555/sq.ft.",675 sq.ft. (63 sq.m.) Super built-up Area,(63 sq.m.) Super built-up Area,1 BHK1 Bath,"₹ 64.5 L₹ 9,555/sq.ft."
117,2 BHK Apartment in Kharghar,"₹ 7,589/sq.ft.","1,120 sq.ft. (104 sq.m.) Super built-up Area",(104 sq.m.) Super built-up Area,2 BHK2 Baths,"₹ 85 L₹ 7,589/sq.ft."
118,1 BHK Apartment in Sector 24 Kamothe,"₹ 8,956/sq.ft.",690 sq.ft. (64 sq.m.) Super built-up Area,(64 sq.m.) Super built-up Area,1 BHK1 Bath,"₹ 61.8 L₹ 8,956/sq.ft."
119,2 BHK Apartment in Sector 19 Airoli,"₹ 10,545/sq.ft.","1,100 sq.ft. (102 sq.m.) Super built-up Area",(102 sq.m.) Super built-up Area,2 BHK2 Baths,"₹ 1.16 Cr₹ 10,545/sq.ft."
120,1 BHK Apartment in Sector 18 Kharghar,"₹ 13,095/sq.ft.",420 sq.ft. (39 sq.m.) Carpet Area,(39 sq.m.) Carpet Area,1 BHK1 Bath,"₹ 55 L₹ 13,095/sq.ft."
121,1 BHK Apartment in Sector 17 Ulwe,"₹ 9,136/sq.ft.",695 sq.ft. (65 sq.m.) Super built-up Area,(65 sq.m.) Super built-up Area,1 BHK2 Baths,"₹ 63.5 L₹ 9,136/sq.ft."
122,1 BHK Apartment in Sector 10 Sanpada,"₹ 18,750/sq.ft.",400 sq.ft. (37 sq.m.) Carpet Area,(37 sq.m.) Carpet Area,1 BHK2 Baths,"₹ 75 L₹ 18,750/sq.ft."
123,1 BHK Apartment in Sector 21 Kamothe,"₹ 8,239/sq.ft.",710 sq.ft. (66 sq.m.) Built-up Area,(66 sq.m.) Built-up Area,1 BHK1 Bath,"₹ 58.5 L₹ 8,239/sq.ft."
124,2 BHK Apartment in Sector 16 Kamothe,"₹ 6,995/sq.ft.","1,015 sq.ft. (94 sq.m.) Super built-up Area",(94 sq.m.) Super built-up Area,2 BHK2 Baths,"₹ 71 L₹ 6,995/sq.ft."
125,2 BHK Apartment in Sector 2 Kharghar,"₹ 13,076/sq.ft.","1,040 sq.ft. (97 sq.m.) Super built-up Area",(97 sq.m.) Super built-up Area,2 BHK2 Baths,"₹ 1.36 Cr₹ 13,076/sq.ft."
126,2 BHK Apartment in Roadpali,"₹ 7,361/sq.ft.","1,080 sq.ft. (100 sq.m.) Super built-up Area",(100 sq.m.) Super built-up Area,2 BHK2 Baths,"₹ 79.5 L₹ 7,361/sq.ft."
127,1 BHK Apartment in Sector 21 Kamothe,"₹ 8,308/sq.ft.",680 sq.ft. (63 sq.m.) Built-up Area,(63 sq.m.) Built-up Area,1 BHK1 Bath,"₹ 56.5 L₹ 8,308/sq.ft."
128,Residential land / Plot in Vindhane,₹ 367/sq.ft.,"1,089 sq.ft. (101 sq.m.) Plot Area",(101 sq.m.) Plot Area,,₹ 4 L₹ 367/sq.ft.
129,2 BHK Apartment in Sector 19 Kharghar,"₹ 11,061/sq.ft.","1,130 sq.ft. (105 sq.m.) Super built-up Area",(105 sq.m.) Super built-up Area,2 BHK2 Baths,"₹ 1.25 Cr₹ 11,061/sq.ft."
130,1 BHK Apartment in Sector 20 Kharghar,"₹ 14,572/sq.ft.",398 sq.ft. (37 sq.m.) Carpet Area,(37 sq.m.) Carpet Area,1 BHK2 Baths,"₹ 58 L₹ 14,572/sq.ft."
131,3 BHK Apartment in Sector 27 Kharghar,"₹ 12,212/sq.ft.","1,515 sq.ft. (141 sq.m.) Super built-up Area",(141 sq.m.) Super built-up Area,3 BHK3 Baths,"₹ 2 Cr₹ 12,212/sq.ft."
132,2 BHK Apartment in Sector 20 Kharghar,"₹ 10,454/sq.ft.","1,100 sq.ft. (102 sq.m.) Super built-up Area",(102 sq.m.) Super built-up Area,2 BHK2 Baths,"₹ 1.15 Cr₹ 10,454/sq.ft."
133,Residential land / Plot in Uran,₹ 385/sq.ft.,"1,089 sq.ft. (101 sq.m.) Plot Area",(101 sq.m.) Plot Area,,₹ 4.2 L₹ 385/sq.ft.
134,1 BHK Apartment in New Panvel,"₹ 6,766/sq.ft.",665 sq.ft. (62 sq.m.) Built-up Area,(62 sq.m.) Built-up Area,1 BHK1 Bath,"₹ 45 L₹ 6,766/sq.ft."
135,2 BHK Apartment in Taloja,"₹ 5,051/sq.ft.",980 sq.ft. (91 sq.m.) Super built-up Area,(91 sq.m.) Super built-up Area,2 BHK2 Baths,"₹ 49.5 L₹ 5,051/sq.ft."
136,2 BHK Apartment in Kharghar,"₹ 10,285/sq.ft.","1,050 sq.ft. (98 sq.m.) Super built-up Area",(98 sq.m.) Super built-up Area,2 BHK2 Baths,"₹ 1.08 Cr₹ 10,285/sq.ft."
137,2 BHK Apartment in Sector 20 Kamothe,"₹ 7,300/sq.ft.","1,000 sq.ft. (93 sq.m.) Super built-up Area",(93 sq.m.) Super built-up Area,2 BHK2 Baths,"₹ 73 L₹ 7,300/sq.ft."
138,2 BHK Apartment in Ulwe,"₹ 6,958/sq.ft.","1,200 sq.ft. (111 sq.m.) Super built-up Area",(111 sq.m.) Super built-up Area,2 BHK2 Baths,"₹ 83.5 L₹ 6,958/sq.ft."
139,2 BHK Apartment in Kamothe,"₹ 7,500/sq.ft.","1,200 sq.ft. (111 sq.m.) Super built-up Area",(111 sq.m.) Super built-up Area,2 BHK2 Baths,"₹ 90 L₹ 7,500/sq.ft."
140,3 BHK Apartment in Sector 18 Kharghar,"₹ 12,666/sq.ft.","1,500 sq.ft. (139 sq.m.) Super built-up Area",(139 sq.m.) Super built-up Area,3 BHK3 Baths,"₹ 1.9 Cr₹ 12,666/sq.ft."
141,2 BHK Apartment in New Panvel,"₹ 12,755/sq.ft.",686 sq.ft. (64 sq.m.) Carpet Area,(64 sq.m.) Carpet Area,2 BHK2 Baths,"₹ 87.5 L₹ 12,755/sq.ft."
142,3 BHK Apartment in Panvel,"₹ 5,562/sq.ft.","1,690 sq.ft. (157 sq.m.) Super built-up Area",(157 sq.m.) Super built-up Area,3 BHK3 Baths,"₹ 94 L₹ 5,562/sq.ft."
143,2 BHK Apartment in Panvel,"₹ 7,744/sq.ft.",891 sq.ft. (83 sq.m.) Carpet Area,(83 sq.m.) Carpet Area,2 BHK2 Baths,"₹ 69 L₹ 7,744/sq.ft."
144,1 BHK Apartment in Sector 20 Ulwe,"₹ 10,813/sq.ft.",430 sq.ft. (40 sq.m.) Carpet Area,(40 sq.m.) Carpet Area,1 BHK2 Baths,"₹ 46.5 L₹ 10,813/sq.ft."
145,2 BHK Apartment in Ghotkamp Koyana Vele,"₹ 6,259/sq.ft.",655 sq.ft. (61 sq.m.) Carpet Area,(61 sq.m.) Carpet Area,2 BHK2 Baths,"₹ 41 L₹ 6,259/sq.ft."
146,1 BHK Apartment in Sector 21 Ulwe,"₹ 7,172/sq.ft.",725 sq.ft. (67 sq.m.) Super built-up Area,(67 sq.m.) Super built-up Area,1 BHK1 Bath,"₹ 52 L₹ 7,172/sq.ft."
147,2 Bedroom House in Khanda Colony,"₹ 7,230/sq.ft.",650 sq.ft. (60 sq.m.) Plot Area,(60 sq.m.) Plot Area,2 BHK2 Baths,"₹ 47 L₹ 7,230/sq.ft."
148,2 BHK Apartment in Sector 10 Kharghar,"₹ 9,453/sq.ft.",952 sq.ft. (88 sq.m.) Super built-up Area,(88 sq.m.) Super built-up Area,2 BHK2 Baths,"₹ 90 L₹ 9,453/sq.ft."
149,2 BHK Apartment in Sector 12 Kharghar,"₹ 8,333/sq.ft.",960 sq.ft. (89 sq.m.) Built-up Area,(89 sq.m.) Built-up Area,2 BHK2 Baths,"₹ 80 L₹ 8,333/sq.ft."
150,1 BHK Apartment in Sector 15 Ghansoli,"₹ 11,538/sq.ft.",650 sq.ft. (60 sq.m.) Super built-up Area,(60 sq.m.) Super built-up Area,1 BHK1 Bath,"₹ 75 L₹ 11,538/sq.ft."
151,3 BHK Apartment in Ulwe,"₹ 9,081/sq.ft.","1,850 sq.ft. (172 sq.m.) Super built-up Area",(172 sq.m.) Super built-up Area,3 BHK3 Baths,"₹ 1.68 Cr₹ 9,081/sq.ft."
152,2 BHK Apartment in Ulwe,"₹ 9,777/sq.ft.","1,350 sq.ft. (125 sq.m.) Super built-up Area",(125 sq.m.) Super built-up Area,2 BHK2 Baths,"₹ 1.32 Cr₹ 9,777/sq.ft."
153,2 BHK Apartment in Ulwe,"₹ 7,203/sq.ft.","1,180 sq.ft. (110 sq.m.) Super built-up Area",(110 sq.m.) Super built-up Area,2 BHK2 Baths,"₹ 85 L₹ 7,203/sq.ft."
154,2 BHK Apartment in Sector 20 Ulwe,"₹ 8,955/sq.ft.",670 sq.ft. (62 sq.m.) Carpet Area,(62 sq.m.) Carpet Area,2 BHK2 Baths,"₹ 60 L₹ 8,955/sq.ft."
155,1 BHK Apartment in Taloja,"₹ 8,205/sq.ft.",390 sq.ft. (36 sq.m.) Carpet Area,(36 sq.m.) Carpet Area,1 BHK2 Baths,"₹ 32 L₹ 8,205/sq.ft."
156,2 BHK Apartment in Ulwe,"₹ 8,810/sq.ft.","1,135 sq.ft. (105 sq.m.) Built-up Area",(105 sq.m.) Built-up Area,2 BHK2 Baths,"₹ 1 Cr₹ 8,810/sq.ft."
157,3 BHK Apartment in Sector 9 Ulwe,"₹ 8,873/sq.ft.","1,465 sq.ft. (136 sq.m.) Super built-up Area",(136 sq.m.) Super built-up Area,3 BHK3 Baths,"₹ 1.3 Cr₹ 8,873/sq.ft."
158,2 BHK Apartment in Sector 9 Kamothe,"₹ 6,842/sq.ft.",950 sq.ft. (88 sq.m.) Built-up Area,(88 sq.m.) Built-up Area,2 BHK2 Baths,"₹ 65 L₹ 6,842/sq.ft."
159,Residential land / Plot in Ranjanpada,₹ 386/sq.ft.,"1,089 sq.ft. (101 sq.m.) Plot Area",(101 sq.m.) Plot Area,,₹ 4.21 L₹ 386/sq.ft.
160,2 BHK Apartment in Koperkhairane,"₹ 9,333/sq.ft.","1,050 sq.ft. (98 sq.m.) Super built-up Area",(98 sq.m.) Super built-up Area,2 BHK2 Baths,"₹ 98 L₹ 9,333/sq.ft."
161,2 BHK Apartment in Sector 15 Kopar Khairane,"₹ 10,000/sq.ft.","1,100 sq.ft. (102 sq.m.) Super built-up Area",(102 sq.m.) Super built-up Area,2 BHK2 Baths,"₹ 1.1 Cr₹ 10,000/sq.ft."
162,3 BHK Apartment in Ghansoli,"₹ 16,666/sq.ft.","1,650 sq.ft. (153 sq.m.) Super built-up Area",(153 sq.m.) Super built-up Area,3 BHK3 Baths,"₹ 2.75 Cr₹ 16,666/sq.ft."
163,2 BHK Apartment in Ghansoli,"₹ 14,166/sq.ft.","1,200 sq.ft. (111 sq.m.) Super built-up Area",(111 sq.m.) Super built-up Area,2 BHK2 Baths,"₹ 1.7 Cr₹ 14,166/sq.ft."
164,2 BHK Apartment in Koperkhairane,"₹ 13,636/sq.ft.","1,100 sq.ft. (102 sq.m.) Super built-up Area",(102 sq.m.) Super built-up Area,2 BHK2 Baths,"₹ 1.5 Cr₹ 13,636/sq.ft."
165,3 BHK Apartment in Koperkhairane,"₹ 13,214/sq.ft.","1,400 sq.ft. (130 sq.m.) Super built-up Area",(130 sq.m.) Super built-up Area,3 BHK2 Baths,"₹ 1.85 Cr₹ 13,214/sq.ft."
166,2 BHK Apartment in Kalamboli,"₹ 7,433/sq.ft.","1,130 sq.ft. (105 sq.m.) Super built-up Area",(105 sq.m.) Super built-up Area,2 BHK2 Baths,"₹ 84 L₹ 7,433/sq.ft."
167,Residential land / Plot in Ulwe,₹ 642/sq.ft.,"1,089 sq.ft. (101 sq.m.) Plot Area",(101 sq.m.) Plot Area,,₹ 7 L₹ 642/sq.ft.
168,Residential land / Plot in Jui,₹ 294/sq.ft.,"1,089 sq.ft. (101 sq.m.) Plot Area",(101 sq.m.) Plot Area,,₹ 3.21 L₹ 294/sq.ft.
169,2 BHK Apartment in Ulwe,"₹ 7,881/sq.ft.","1,199 sq.ft. (111 sq.m.) Super built-up Area",(111 sq.m.) Super built-up Area,2 BHK2 Baths,"₹ 94.5 L₹ 7,881/sq.ft."
170,1 BHK Apartment in Taloja,"₹ 8,000/sq.ft.",400 sq.ft. (37 sq.m.) Carpet Area,(37 sq.m.) Carpet Area,1 BHK2 Baths,"₹ 32 L₹ 8,000/sq.ft."
171,1 BHK Apartment in Ghotkamp Koyana Vele,"₹ 6,262/sq.ft.",495 sq.ft. (46 sq.m.) Carpet Area,(46 sq.m.) Carpet Area,1 BHK2 Baths,"₹ 31 L₹ 6,262/sq.ft."
172,3 BHK Apartment in Sector 14 Kharghar,"₹ 10,312/sq.ft.","1,600 sq.ft. (149 sq.m.) Super built-up Area",(149 sq.m.) Super built-up Area,3 BHK3 Baths,"₹ 1.65 Cr₹ 10,312/sq.ft."
173,2 BHK Apartment in Panvel,"₹ 10,000/sq.ft.","1,300 sq.ft. (121 sq.m.) Super built-up Area",(121 sq.m.) Super built-up Area,2 BHK2 Baths,"₹ 1.3 Cr₹ 10,000/sq.ft."
174,2 BHK Apartment in Sector 17 Ulwe,"₹ 10,745/sq.ft.","1,154 sq.ft. (107 sq.m.) Super built-up Area",(107 sq.m.) Super built-up Area,2 BHK2 Baths,"₹ 1.24 Cr₹ 10,745/sq.ft."
175,1 BHK Apartment in Ghansoli,"₹ 12,987/sq.ft.",693 sq.ft. (64 sq.m.) Super built-up Area,(64 sq.m.) Super built-up Area,1 BHK1 Bath,"₹ 90 L₹ 12,987/sq.ft."
176,2 BHK Apartment in Sector 9 Ulwe,"₹ 8,083/sq.ft.","1,200 sq.ft. (111 sq.m.) Super built-up Area",(111 sq.m.) Super built-up Area,2 BHK2 Baths,"₹ 97 L₹ 8,083/sq.ft."
177,1 BHK Apartment in Sector 17 Ulwe,"₹ 7,142/sq.ft.",700 sq.ft. (65 sq.m.) Super built-up Area,(65 sq.m.) Super built-up Area,1 BHK1 Bath,"₹ 50 L₹ 7,142/sq.ft."
178,2 BHK Apartment in Sector 8 Ulwe,"₹ 9,407/sq.ft.","1,350 sq.ft. (125 sq.m.) Super built-up Area",(125 sq.m.) Super built-up Area,2 BHK2 Baths,"₹ 1.27 Cr₹ 9,407/sq.ft."
179,1 BHK Apartment in Panvel,"₹ 5,329/sq.ft.",713 sq.ft. (66 sq.m.) Super built-up Area,(66 sq.m.) Super built-up Area,1 BHK1 Bath,"₹ 38 L₹ 5,329/sq.ft."
180,Residential land / Plot in Chirle,₹ 275/sq.ft.,"1,089 sq.ft. (101 sq.m.) Plot Area",(101 sq.m.) Plot Area,,₹ 3 L₹ 275/sq.ft.
181,2 BHK Apartment in Sector 15 Ghansoli,"₹ 12,236/sq.ft.","1,185 sq.ft. (110 sq.m.) Super built-up Area",(110 sq.m.) Super built-up Area,2 BHK2 Baths,"₹ 1.45 Cr₹ 12,236/sq.ft."
182,2 BHK Apartment in Sector 21 Ghansoli,"₹ 9,047/sq.ft.","1,050 sq.ft. (98 sq.m.) Super built-up Area",(98 sq.m.) Super built-up Area,2 BHK2 Baths,"₹ 95 L₹ 9,047/sq.ft."
183,1 BHK Apartment in Sector 21 Ulwe,"₹ 7,518/sq.ft.",665 sq.ft. (62 sq.m.) Super built-up Area,(62 sq.m.) Super built-up Area,1 BHK1 Bath,"₹ 50 L₹ 7,518/sq.ft."
184,Residential land / Plot in Chirle,₹ 468/sq.ft.,"1,089 sq.ft. (101 sq.m.) Plot Area",(101 sq.m.) Plot Area,,₹ 5.1 L₹ 468/sq.ft.
185,Residential land / Plot in Ranjanpada,₹ 367/sq.ft.,"1,089 sq.ft. (101 sq.m.) Plot Area",(101 sq.m.) Plot Area,,₹ 4 L₹ 367/sq.ft.
186,Residential land / Plot in Vindhane,₹ 16/sq.ft.,"21,779 sq.ft. (2023 sq.m.) Plot Area",(2023 sq.m.) Plot Area,,₹ 3.5 L₹ 16/sq.ft.
187,1 BHK Apartment in Kharghar,"₹ 7,352/sq.ft.",680 sq.ft. (63 sq.m.) Super built-up Area,(63 sq.m.) Super built-up Area,1 BHK1 Bath,"₹ 50 L₹ 7,352/sq.ft."
188,2 BHK Apartment in New Panvel,"₹ 7,283/sq.ft.","1,215 sq.ft. (113 sq.m.) Super built-up Area",(113 sq.m.) Super built-up Area,2 BHK2 Baths,"₹ 88.5 L₹ 7,283/sq.ft."
189,2 BHK Apartment in New Panvel,"₹ 7,365/sq.ft.","1,059 sq.ft. (98 sq.m.) Super built-up Area",(98 sq.m.) Super built-up Area,2 BHK2 Baths,"₹ 78 L₹ 7,365/sq.ft."
190,2 BHK Apartment in New Panvel,"₹ 6,827/sq.ft.","1,059 sq.ft. (98 sq.m.) Super built-up Area",(98 sq.m.) Super built-up Area,2 BHK2 Baths,"₹ 72.3 L₹ 6,827/sq.ft."
191,2 BHK Apartment in Sector 10 Kharghar,"₹ 10,204/sq.ft.","1,225 sq.ft. (114 sq.m.) Built-up Area",(114 sq.m.) Built-up Area,2 BHK2 Baths,"₹ 1.25 Cr₹ 10,204/sq.ft."
192,2 BHK Apartment in Panvel,"₹ 5,701/sq.ft.","1,140 sq.ft. (106 sq.m.) Built-up Area",(106 sq.m.) Built-up Area,2 BHK2 Baths,"₹ 65 L₹ 5,701/sq.ft."
193,2 BHK Apartment in Koperkhairane,"₹ 12,777/sq.ft.",900 sq.ft. (84 sq.m.) Built-up Area,(84 sq.m.) Built-up Area,2 BHK2 Baths,"₹ 1.15 Cr₹ 12,777/sq.ft."
194,3 BHK Apartment in Ulwe,"₹ 9,189/sq.ft.","1,850 sq.ft. (172 sq.m.) Super built-up Area",(172 sq.m.) Super built-up Area,3 BHK3 Baths,"₹ 1.7 Cr₹ 9,189/sq.ft."
195,2 BHK Apartment in Sector 5 Ulwe,"₹ 7,766/sq.ft.","1,030 sq.ft. (96 sq.m.) Super built-up Area",(96 sq.m.) Super built-up Area,2 BHK2 Baths,"₹ 80 L₹ 7,766/sq.ft."
196,Residential land / Plot in Vindhane,₹ 183/sq.ft.,"1,089 sq.ft. (101 sq.m.) Plot Area",(101 sq.m.) Plot Area,,₹ 2 L₹ 183/sq.ft.
197,3 BHK Apartment in Sector 35D Kharghar,"₹ 9,941/sq.ft.","1,710 sq.ft. (159 sq.m.) Super built-up Area",(159 sq.m.) Super built-up Area,3 BHK3 Baths,"₹ 1.7 Cr₹ 9,941/sq.ft."
198,2 BHK Apartment in Sector 21 Kamothe,"₹ 7,557/sq.ft.","1,310 sq.ft. (122 sq.m.) Super built-up Area",(122 sq.m.) Super built-up Area,2 BHK2 Baths,"₹ 99 L₹ 7,557/sq.ft."
199,2 BHK Apartment in Sector 20 Kamothe,"₹ 6,356/sq.ft.","1,290 sq.ft. (120 sq.m.) Super built-up Area",(120 sq.m.) Super built-up Area,2 BHK2 Baths,"₹ 82 L₹ 6,356/sq.ft."
200,3 BHK Apartment in Sector 44A Seawoods,"₹ 14,444/sq.ft.","1,800 sq.ft. (167 sq.m.) Built-up Area",(167 sq.m.) Built-up Area,3 BHK3 Baths,"₹ 2.6 Cr₹ 14,444/sq.ft."
201,2 BHK Apartment in Sector 35D Kharghar,"₹ 9,850/sq.ft.","1,005 sq.ft. (93 sq.m.) Super built-up Area",(93 sq.m.) Super built-up Area,2 BHK2 Baths,"₹ 99 L₹ 9,850/sq.ft."
202,2 BHK Apartment in Kutak Bandhan,"₹ 8,354/sq.ft.","1,185 sq.ft. (110 sq.m.) Super built-up Area",(110 sq.m.) Super built-up Area,2 BHK2 Baths,"₹ 99 L₹ 8,354/sq.ft."
203,2 BHK Apartment in Sector 5 Ulwe,"₹ 7,589/sq.ft.","1,120 sq.ft. (104 sq.m.) Super built-up Area",(104 sq.m.) Super built-up Area,2 BHK2 Baths,"₹ 85 L₹ 7,589/sq.ft."
204,2 BHK Apartment in Ulwe,"₹ 8,136/sq.ft.","1,100 sq.ft. (102 sq.m.) Super built-up Area",(102 sq.m.) Super built-up Area,2 BHK2 Baths,"₹ 89.5 L₹ 8,136/sq.ft."
205,2 BHK Apartment in Sector 9 Ulwe,"₹ 8,722/sq.ft.","1,221 sq.ft. (113 sq.m.) Super built-up Area",(113 sq.m.) Super built-up Area,2 BHK2 Baths,"₹ 1.07 Cr₹ 8,722/sq.ft."
206,2 BHK Apartment in Sector 21 Ulwe,"₹ 6,359/sq.ft.","1,195 sq.ft. (111 sq.m.) Super built-up Area",(111 sq.m.) Super built-up Area,2 BHK2 Baths,"₹ 76 L₹ 6,359/sq.ft."
207,2 BHK Apartment in Sector 21 Ulwe,"₹ 6,639/sq.ft.","1,107 sq.ft. (103 sq.m.) Super built-up Area",(103 sq.m.) Super built-up Area,2 BHK2 Baths,"₹ 73.5 L₹ 6,639/sq.ft."
208,1 BHK Apartment in Sector 20B Airoli,"₹ 10,962/sq.ft.",675 sq.ft. (63 sq.m.) Super built-up Area,(63 sq.m.) Super built-up Area,1 BHK2 Baths,"₹ 74 L₹ 10,962/sq.ft."
209,1 BHK Apartment in Sector 10 Kharghar,"₹ 8,266/sq.ft.",750 sq.ft. (70 sq.m.) Built-up Area,(70 sq.m.) Built-up Area,1 BHK1 Bath,"₹ 62 L₹ 8,266/sq.ft."
210,Residential land / Plot in Ranjanpada,₹ 505/sq.ft.,"1,089 sq.ft. (101 sq.m.) Plot Area",(101 sq.m.) Plot Area,,₹ 5.5 L₹ 505/sq.ft.
211,1 BHK Apartment in Kharghar,"₹ 8,148/sq.ft.",675 sq.ft. (63 sq.m.) Built-up Area,(63 sq.m.) Built-up Area,1 BHK1 Bath,"₹ 55 L₹ 8,148/sq.ft."
212,3 BHK Apartment in Ulwe,"₹ 8,064/sq.ft.","1,550 sq.ft. (144 sq.m.) Super built-up Area",(144 sq.m.) Super built-up Area,3 BHK3 Baths,"₹ 1.25 Cr₹ 8,064/sq.ft."
213,3 BHK Apartment in Sector 9 Ulwe,"₹ 9,090/sq.ft.","1,650 sq.ft. (153 sq.m.) Built-up Area",(153 sq.m.) Built-up Area,3 BHK3 Baths,"₹ 1.5 Cr₹ 9,090/sq.ft."
214,3 BHK Apartment in Ulwe,"₹ 8,959/sq.ft.","1,730 sq.ft. (161 sq.m.) Super built-up Area",(161 sq.m.) Super built-up Area,3 BHK3 Baths,"₹ 1.55 Cr₹ 8,959/sq.ft."
215,2 BHK Apartment in Ulwe,"₹ 8,518/sq.ft.","1,350 sq.ft. (125 sq.m.) Super built-up Area",(125 sq.m.) Super built-up Area,2 BHK2 Baths,"₹ 1.15 Cr₹ 8,518/sq.ft."
216,3 BHK Apartment in Ulwe,"₹ 8,648/sq.ft.","1,850 sq.ft. (172 sq.m.) Super built-up Area",(172 sq.m.) Super built-up Area,3 BHK3 Baths,"₹ 1.6 Cr₹ 8,648/sq.ft."
217,2 BHK Apartment in Ulwe,"₹ 8,518/sq.ft.","1,350 sq.ft. (125 sq.m.) Built-up Area",(125 sq.m.) Built-up Area,2 BHK2 Baths,"₹ 1.15 Cr₹ 8,518/sq.ft."
218,3 BHK Apartment in Sector 18 Ulwe,"₹ 9,090/sq.ft.","1,650 sq.ft. (153 sq.m.) Built-up Area",(153 sq.m.) Built-up Area,3 BHK3 Baths,"₹ 1.5 Cr₹ 9,090/sq.ft."
219,2 BHK Apartment in Sector 17 Ulwe,"₹ 7,528/sq.ft.","1,129 sq.ft. (105 sq.m.) Super built-up Area",(105 sq.m.) Super built-up Area,2 BHK2 Baths,"₹ 85 L₹ 7,528/sq.ft."
220,1 BHK Apartment in Kamothe,"₹ 8,396/sq.ft.",655 sq.ft. (61 sq.m.) Super built-up Area,(61 sq.m.) Super built-up Area,1 BHK1 Bath,"₹ 55 L₹ 8,396/sq.ft."
221,1 BHK Apartment in Sector 22 Kamothe,"₹ 7,971/sq.ft.",690 sq.ft. (64 sq.m.) Built-up Area,(64 sq.m.) Built-up Area,1 BHK1 Bath,"₹ 55 L₹ 7,971/sq.ft."
222,2 BHK Apartment in Sector 18 Kamothe,"₹ 7,352/sq.ft.","1,020 sq.ft. (95 sq.m.) Super built-up Area",(95 sq.m.) Super built-up Area,2 BHK2 Baths,"₹ 75 L₹ 7,352/sq.ft."
223,2 BHK Apartment in Ulwe,"₹ 8,771/sq.ft.","1,140 sq.ft. (106 sq.m.) Built-up Area",(106 sq.m.) Built-up Area,2 BHK2 Baths,"₹ 1 Cr₹ 8,771/sq.ft."
224,2 BHK Apartment in Sector 5 Ulwe,"₹ 8,272/sq.ft.","1,100 sq.ft. (102 sq.m.) Super built-up Area",(102 sq.m.) Super built-up Area,2 BHK2 Baths,"₹ 91 L₹ 8,272/sq.ft."
225,2 BHK Apartment in Sector 10B Ulwe,"₹ 8,750/sq.ft.","1,200 sq.ft. (111 sq.m.) Built-up Area",(111 sq.m.) Built-up Area,2 BHK2 Baths,"₹ 1.05 Cr₹ 8,750/sq.ft."
226,3 BHK Apartment in Sector 9 Ulwe,"₹ 10,000/sq.ft.","1,650 sq.ft. (153 sq.m.) Built-up Area",(153 sq.m.) Built-up Area,3 BHK3 Baths,"₹ 1.65 Cr₹ 10,000/sq.ft."
227,2 BHK Apartment in Sector 20 Ulwe,"₹ 9,130/sq.ft.","1,150 sq.ft. (107 sq.m.) Super built-up Area",(107 sq.m.) Super built-up Area,2 BHK2 Baths,"₹ 1.05 Cr₹ 9,130/sq.ft."
228,3 BHK Apartment in Sector 6 Kharghar,"₹ 14,594/sq.ft.","1,850 sq.ft. (172 sq.m.) Super built-up Area",(172 sq.m.) Super built-up Area,3 BHK3 Baths,"₹ 2.7 Cr₹ 14,594/sq.ft."
